10;Natural;1;1;90.00;2025-06-23
10;Natural;2;1;45.00;2025-06-24
10;Natural;2;1;55.00;2025-06-24
10;Natural;4;1;45.00;2025-06-24
10;Natural;5;1;55.00;2025-06-24
10;Natural;6;1;45.00;2025-06-24
10;Natural;42;1;94.00;2025-06-26
10;Natural;9;1;2350.00;2025-06-26
10;Natural;9;1;110.00;2025-06-26
10;Natural;10;1;2350.00;2025-06-26
10;Natural;10;1;110.00;2025-06-26
10;Natural;11;1;2350.00;2025-06-26
10;Natural;11;1;110.00;2025-06-26
10;Natural;12;1;2350.00;2025-06-26
10;Natural;12;1;110.00;2025-06-26
10;Natural;13;1;2350.00;2025-06-26
10;Natural;13;1;110.00;2025-06-26
10;Natural;14;1;2350.00;2025-06-26
10;Natural;14;1;110.00;2025-06-26
10;Natural;15;1;2350.00;2025-06-26
10;Natural;15;1;110.00;2025-06-26
10;Natural;16;1;2350.00;2025-06-26
10;Natural;16;1;110.00;2025-06-26
10;Natural;17;1;2350.00;2025-06-26
10;Natural;17;1;110.00;2025-06-26
10;Natural;18;1;2350.00;2025-06-26
10;Natural;18;1;110.00;2025-06-26
10;Natural;19;1;2350.00;2025-06-26
10;Natural;19;1;110.00;2025-06-26
10;Natural;20;1;2350.00;2025-06-26
10;Natural;20;1;110.00;2025-06-26
10;Natural;21;1;2350.00;2025-06-26
10;Natural;21;1;110.00;2025-06-26
10;Natural;22;1;2350.00;2025-06-26
10;Natural;22;1;110.00;2025-06-26
10;Natural;23;1;2350.00;2025-06-26
10;Natural;23;1;110.00;2025-06-26
10;Natural;24;1;47.00;2025-06-26
10;Natural;25;1;2068.00;2025-06-26
10;Natural;26;1;47.00;2025-06-26
10;Natural;27;1;11985.00;2025-06-26
10;Natural;28;1;11985.00;2025-06-26
10;Natural;29;1;11985.00;2025-06-26
10;Natural;30;1;11985.00;2025-06-26
10;Natural;43;1;940.00;2025-07-01
10;Natural;44;1;47.00;2025-07-01
14;Juridico;2474;13;4.50;2024-01-02
14;Juridico;2474;14;1.80;2024-01-02
14;Juridico;2474;15;6.00;2024-01-02
14;Juridico;1280;13;6.00;2024-01-03
14;Juridico;1280;14;1.80;2024-01-03
14;Juridico;1280;15;1.20;2024-01-03
14;Juridico;1322;13;3.00;2024-01-04
14;Juridico;1322;14;1.80;2024-01-04
14;Juridico;1322;15;1.20;2024-01-04
14;Juridico;1294;13;1.50;2024-01-05
14;Juridico;1294;14;3.60;2024-01-05
14;Juridico;1294;15;4.80;2024-01-05
14;Juridico;1306;13;7.50;2024-01-06
14;Juridico;1306;14;2.70;2024-01-06
14;Juridico;1306;15;4.80;2024-01-06
14;Juridico;1353;13;1.50;2024-01-07
14;Juridico;1353;14;1.80;2024-01-07
14;Juridico;1353;15;3.60;2024-01-07
14;Juridico;1355;13;1.50;2024-01-07
14;Juridico;1355;14;3.60;2024-01-07
14;Juridico;1355;15;4.80;2024-01-07
14;Juridico;2475;13;4.50;2024-01-08
14;Juridico;2475;14;0.90;2024-01-08
14;Juridico;2475;15;1.20;2024-01-08
14;Juridico;1304;13;7.50;2024-01-09
14;Juridico;1304;14;3.60;2024-01-09
14;Juridico;1304;15;2.40;2024-01-09
14;Juridico;1321;13;7.50;2024-01-09
14;Juridico;1321;14;4.50;2024-01-09
14;Juridico;1321;15;2.40;2024-01-09
14;Juridico;1317;13;4.50;2024-01-10
14;Juridico;1317;14;4.50;2024-01-10
14;Juridico;1317;15;2.40;2024-01-10
14;Juridico;1338;13;6.00;2024-01-10
14;Juridico;1338;14;3.60;2024-01-10
14;Juridico;1338;15;1.20;2024-01-10
14;Juridico;1339;13;3.00;2024-01-11
14;Juridico;1339;14;0.90;2024-01-11
14;Juridico;1339;15;3.60;2024-01-11
14;Juridico;1320;13;4.50;2024-01-11
14;Juridico;1320;14;2.70;2024-01-11
14;Juridico;1320;15;3.60;2024-01-11
14;Juridico;1303;13;1.50;2024-01-11
14;Juridico;1303;14;4.50;2024-01-11
14;Juridico;1303;15;2.40;2024-01-11
14;Juridico;1292;13;1.50;2024-01-13
14;Juridico;1292;14;4.50;2024-01-13
14;Juridico;1292;15;4.80;2024-01-13
14;Juridico;1348;13;1.50;2024-01-13
14;Juridico;1348;14;0.90;2024-01-13
14;Juridico;1348;15;4.80;2024-01-13
14;Juridico;1367;13;3.00;2024-01-14
14;Juridico;1367;14;1.80;2024-01-14
14;Juridico;1367;15;2.40;2024-01-14
14;Juridico;1358;13;7.50;2024-01-14
14;Juridico;1358;14;3.60;2024-01-14
14;Juridico;1358;15;2.40;2024-01-14
14;Juridico;1359;13;7.50;2024-01-14
14;Juridico;1359;14;2.70;2024-01-14
14;Juridico;1359;15;1.20;2024-01-14
14;Juridico;1346;13;4.50;2024-01-14
14;Juridico;1346;14;0.90;2024-01-14
14;Juridico;1346;15;4.80;2024-01-14
14;Juridico;2471;13;3.00;2024-01-15
14;Juridico;2471;14;1.80;2024-01-15
14;Juridico;2471;15;6.00;2024-01-15
14;Juridico;1318;13;1.50;2024-01-16
14;Juridico;1318;14;4.50;2024-01-16
14;Juridico;1318;15;4.80;2024-01-16
14;Juridico;1340;13;3.00;2024-01-16
14;Juridico;1340;14;0.90;2024-01-16
14;Juridico;1340;15;3.60;2024-01-16
14;Juridico;1330;13;1.50;2024-01-16
14;Juridico;1330;14;2.70;2024-01-16
14;Juridico;1330;15;3.60;2024-01-16
14;Juridico;1300;13;3.00;2024-01-16
14;Juridico;1300;14;1.80;2024-01-16
14;Juridico;1300;15;6.00;2024-01-16
14;Juridico;1293;13;4.50;2024-01-17
14;Juridico;1293;14;3.60;2024-01-17
14;Juridico;1293;15;4.80;2024-01-17
14;Juridico;1291;13;7.50;2024-01-19
14;Juridico;1291;14;4.50;2024-01-19
14;Juridico;1291;15;6.00;2024-01-19
14;Juridico;1324;13;4.50;2024-01-19
14;Juridico;1324;14;4.50;2024-01-19
14;Juridico;1324;15;6.00;2024-01-19
14;Juridico;1333;13;7.50;2024-01-20
14;Juridico;1333;14;4.50;2024-01-20
14;Juridico;1333;15;4.80;2024-01-20
14;Juridico;1313;13;3.00;2024-01-21
14;Juridico;1313;14;0.90;2024-01-21
14;Juridico;1313;15;4.80;2024-01-21
14;Juridico;2470;13;4.50;2024-01-22
14;Juridico;2470;14;4.50;2024-01-22
14;Juridico;2470;15;2.40;2024-01-22
14;Juridico;1308;13;3.00;2024-01-23
14;Juridico;1308;14;0.90;2024-01-23
14;Juridico;1308;15;4.80;2024-01-23
14;Juridico;1281;13;7.50;2024-01-23
14;Juridico;1281;14;3.60;2024-01-23
14;Juridico;1281;15;1.20;2024-01-23
14;Juridico;1362;13;6.00;2024-01-24
14;Juridico;1362;14;0.90;2024-01-24
14;Juridico;1362;15;3.60;2024-01-24
14;Juridico;1283;13;6.00;2024-01-25
14;Juridico;1283;14;3.60;2024-01-25
14;Juridico;1283;15;1.20;2024-01-25
14;Juridico;2473;13;7.50;2024-01-26
14;Juridico;2473;14;0.90;2024-01-26
14;Juridico;2473;15;6.00;2024-01-26
14;Juridico;2480;13;1.50;2024-01-27
14;Juridico;2480;14;2.70;2024-01-27
14;Juridico;2480;15;2.40;2024-01-27
14;Juridico;1349;13;7.50;2024-01-28
14;Juridico;1349;14;4.50;2024-01-28
14;Juridico;1349;15;6.00;2024-01-28
14;Juridico;1385;13;7.50;2024-02-01
14;Juridico;1385;14;4.50;2024-02-01
14;Juridico;1385;15;6.00;2024-02-01
14;Juridico;1424;13;1.50;2024-02-01
14;Juridico;1424;14;2.70;2024-02-01
14;Juridico;1424;15;3.60;2024-02-01
14;Juridico;1403;13;4.50;2024-02-02
14;Juridico;1403;14;3.60;2024-02-02
14;Juridico;1403;15;6.00;2024-02-02
14;Juridico;1457;13;4.50;2024-02-02
14;Juridico;1457;14;3.60;2024-02-02
14;Juridico;1457;15;4.80;2024-02-02
14;Juridico;2501;13;7.50;2024-02-03
14;Juridico;2501;14;3.60;2024-02-03
14;Juridico;2501;15;6.00;2024-02-03
14;Juridico;1465;13;4.50;2024-02-04
14;Juridico;1465;14;3.60;2024-02-04
14;Juridico;1465;15;2.40;2024-02-04
14;Juridico;1398;13;3.00;2024-02-05
14;Juridico;1398;14;3.60;2024-02-05
14;Juridico;1398;15;3.60;2024-02-05
14;Juridico;1421;13;1.50;2024-02-06
14;Juridico;1421;14;3.60;2024-02-06
14;Juridico;1421;15;4.80;2024-02-06
14;Juridico;1396;13;7.50;2024-02-07
14;Juridico;1396;14;3.60;2024-02-07
14;Juridico;1396;15;1.20;2024-02-07
14;Juridico;1378;13;1.50;2024-02-07
14;Juridico;1378;14;3.60;2024-02-07
14;Juridico;1378;15;2.40;2024-02-07
14;Juridico;1418;13;4.50;2024-02-08
14;Juridico;1418;14;1.80;2024-02-08
14;Juridico;1418;15;3.60;2024-02-08
14;Juridico;1466;13;6.00;2024-02-08
14;Juridico;1466;14;4.50;2024-02-08
14;Juridico;1466;15;6.00;2024-02-08
14;Juridico;1449;13;3.00;2024-02-09
14;Juridico;1449;14;3.60;2024-02-09
14;Juridico;1449;15;4.80;2024-02-09
14;Juridico;1404;13;3.00;2024-02-09
14;Juridico;1404;14;4.50;2024-02-09
14;Juridico;1404;15;6.00;2024-02-09
14;Juridico;1447;13;6.00;2024-02-10
14;Juridico;1447;14;1.80;2024-02-10
14;Juridico;1447;15;2.40;2024-02-10
14;Juridico;2490;13;6.00;2024-02-11
14;Juridico;2490;14;0.90;2024-02-11
14;Juridico;2490;15;3.60;2024-02-11
14;Juridico;2497;13;6.00;2024-02-12
14;Juridico;2497;14;1.80;2024-02-12
14;Juridico;2497;15;2.40;2024-02-12
14;Juridico;2504;13;4.50;2024-02-13
14;Juridico;2504;14;1.80;2024-02-13
14;Juridico;2504;15;1.20;2024-02-13
14;Juridico;2509;13;3.00;2024-02-14
14;Juridico;2509;14;1.80;2024-02-14
14;Juridico;2509;15;3.60;2024-02-14
14;Juridico;1461;13;1.50;2024-02-15
14;Juridico;1461;14;4.50;2024-02-15
14;Juridico;1461;15;1.20;2024-02-15
14;Juridico;1448;13;4.50;2024-02-16
14;Juridico;1448;14;1.80;2024-02-16
14;Juridico;1448;15;4.80;2024-02-16
14;Juridico;1372;13;7.50;2024-02-16
14;Juridico;1372;14;1.80;2024-02-16
14;Juridico;1372;15;1.20;2024-02-16
14;Juridico;1380;13;3.00;2024-02-17
14;Juridico;1380;14;3.60;2024-02-17
14;Juridico;1380;15;2.40;2024-02-17
14;Juridico;1409;13;6.00;2024-02-17
14;Juridico;1409;14;0.90;2024-02-17
14;Juridico;1409;15;1.20;2024-02-17
14;Juridico;1439;13;1.50;2024-02-18
14;Juridico;1439;14;3.60;2024-02-18
14;Juridico;1439;15;2.40;2024-02-18
14;Juridico;1451;13;7.50;2024-02-19
14;Juridico;1451;14;4.50;2024-02-19
14;Juridico;1451;15;3.60;2024-02-19
14;Juridico;1445;13;3.00;2024-02-19
14;Juridico;1445;14;4.50;2024-02-19
14;Juridico;1445;15;1.20;2024-02-19
14;Juridico;1454;13;7.50;2024-02-21
14;Juridico;1454;14;2.70;2024-02-21
14;Juridico;1454;15;4.80;2024-02-21
14;Juridico;1456;13;7.50;2024-02-21
14;Juridico;1456;14;2.70;2024-02-21
14;Juridico;1456;15;4.80;2024-02-21
14;Juridico;2506;13;1.50;2024-02-22
14;Juridico;2506;14;0.90;2024-02-22
14;Juridico;2506;15;4.80;2024-02-22
14;Juridico;1462;13;7.50;2024-02-24
14;Juridico;1462;14;0.90;2024-02-24
14;Juridico;1462;15;2.40;2024-02-24
14;Juridico;1431;13;6.00;2024-02-24
14;Juridico;1431;14;0.90;2024-02-24
14;Juridico;1431;15;3.60;2024-02-24
14;Juridico;1443;13;7.50;2024-02-25
14;Juridico;1443;14;2.70;2024-02-25
14;Juridico;1443;15;2.40;2024-02-25
14;Juridico;1376;13;4.50;2024-02-25
14;Juridico;1376;14;3.60;2024-02-25
14;Juridico;1376;15;4.80;2024-02-25
14;Juridico;2502;13;4.50;2024-02-26
14;Juridico;2502;14;0.90;2024-02-26
14;Juridico;2502;15;2.40;2024-02-26
14;Juridico;1400;13;3.00;2024-02-27
14;Juridico;1400;14;1.80;2024-02-27
14;Juridico;1400;15;4.80;2024-02-27
14;Juridico;1468;13;7.50;2024-02-27
14;Juridico;1468;14;1.80;2024-02-27
14;Juridico;1468;15;6.00;2024-02-27
14;Juridico;1401;13;1.50;2024-02-28
14;Juridico;1401;14;4.50;2024-02-28
14;Juridico;1401;15;4.80;2024-02-28
14;Juridico;1391;13;3.00;2024-02-28
14;Juridico;1391;14;0.90;2024-02-28
14;Juridico;1391;15;6.00;2024-02-28
14;Juridico;1383;13;6.00;2024-02-28
14;Juridico;1383;14;1.80;2024-02-28
14;Juridico;1383;15;4.80;2024-02-28
14;Juridico;1370;13;1.50;2024-02-28
14;Juridico;1370;14;3.60;2024-02-28
14;Juridico;1370;15;4.80;2024-02-28
14;Juridico;1526;13;4.50;2024-03-01
14;Juridico;1526;14;2.70;2024-03-01
14;Juridico;1526;15;3.60;2024-03-01
14;Juridico;1504;13;3.00;2024-03-02
14;Juridico;1504;14;0.90;2024-03-02
14;Juridico;1504;15;1.20;2024-03-02
14;Juridico;1489;13;7.50;2024-03-03
14;Juridico;1489;14;2.70;2024-03-03
14;Juridico;1489;15;4.80;2024-03-03
14;Juridico;1558;13;7.50;2024-03-03
14;Juridico;1558;14;1.80;2024-03-03
14;Juridico;1558;15;6.00;2024-03-03
14;Juridico;2523;13;6.00;2024-03-04
14;Juridico;2523;14;3.60;2024-03-04
14;Juridico;2523;15;6.00;2024-03-04
14;Juridico;2518;13;6.00;2024-03-05
14;Juridico;2518;14;1.80;2024-03-05
14;Juridico;2518;15;6.00;2024-03-05
14;Juridico;1470;13;7.50;2024-03-06
14;Juridico;1470;14;1.80;2024-03-06
14;Juridico;1470;15;1.20;2024-03-06
14;Juridico;1471;13;1.50;2024-03-06
14;Juridico;1471;14;0.90;2024-03-06
14;Juridico;1471;15;3.60;2024-03-06
14;Juridico;1547;13;1.50;2024-03-07
14;Juridico;1547;14;0.90;2024-03-07
14;Juridico;1547;15;6.00;2024-03-07
14;Juridico;1510;13;7.50;2024-03-07
14;Juridico;1510;14;1.80;2024-03-07
14;Juridico;1510;15;3.60;2024-03-07
14;Juridico;1480;13;7.50;2024-03-08
14;Juridico;1480;14;3.60;2024-03-08
14;Juridico;1480;15;6.00;2024-03-08
14;Juridico;1565;13;4.50;2024-03-08
14;Juridico;1565;14;4.50;2024-03-08
14;Juridico;1565;15;6.00;2024-03-08
14;Juridico;1502;13;4.50;2024-03-09
14;Juridico;1502;14;4.50;2024-03-09
14;Juridico;1502;15;1.20;2024-03-09
14;Juridico;1545;13;7.50;2024-03-11
14;Juridico;1545;14;0.90;2024-03-11
14;Juridico;1545;15;2.40;2024-03-11
14;Juridico;1523;13;6.00;2024-03-12
14;Juridico;1523;14;4.50;2024-03-12
14;Juridico;1523;15;3.60;2024-03-12
14;Juridico;1478;13;3.00;2024-03-12
14;Juridico;1478;14;2.70;2024-03-12
14;Juridico;1478;15;1.20;2024-03-12
14;Juridico;1477;13;3.00;2024-03-13
14;Juridico;1477;14;3.60;2024-03-13
14;Juridico;1477;15;6.00;2024-03-13
14;Juridico;1532;13;1.50;2024-03-13
14;Juridico;1532;14;0.90;2024-03-13
14;Juridico;1532;15;6.00;2024-03-13
14;Juridico;1542;13;7.50;2024-03-14
14;Juridico;1542;14;1.80;2024-03-14
14;Juridico;1542;15;6.00;2024-03-14
14;Juridico;2519;13;4.50;2024-03-15
14;Juridico;2519;14;2.70;2024-03-15
14;Juridico;2519;15;2.40;2024-03-15
14;Juridico;1528;13;6.00;2024-03-16
14;Juridico;1528;14;2.70;2024-03-16
14;Juridico;1528;15;1.20;2024-03-16
14;Juridico;1525;13;7.50;2024-03-16
14;Juridico;1525;14;3.60;2024-03-16
14;Juridico;1525;15;6.00;2024-03-16
14;Juridico;1561;13;1.50;2024-03-17
14;Juridico;1561;14;4.50;2024-03-17
14;Juridico;1561;15;1.20;2024-03-17
14;Juridico;1564;13;4.50;2024-03-18
14;Juridico;1564;14;1.80;2024-03-18
14;Juridico;1564;15;4.80;2024-03-18
14;Juridico;1551;13;6.00;2024-03-18
14;Juridico;1551;14;4.50;2024-03-18
14;Juridico;1551;15;1.20;2024-03-18
14;Juridico;1515;13;3.00;2024-03-18
14;Juridico;1515;14;4.50;2024-03-18
14;Juridico;1515;15;3.60;2024-03-18
14;Juridico;1527;13;3.00;2024-03-19
14;Juridico;1527;14;0.90;2024-03-19
14;Juridico;1527;15;3.60;2024-03-19
14;Juridico;2516;13;7.50;2024-03-20
14;Juridico;2516;14;2.70;2024-03-20
14;Juridico;2516;15;6.00;2024-03-20
14;Juridico;1534;13;4.50;2024-03-22
14;Juridico;1534;14;1.80;2024-03-22
14;Juridico;1534;15;2.40;2024-03-22
14;Juridico;1485;13;4.50;2024-03-23
14;Juridico;1485;14;2.70;2024-03-23
14;Juridico;1485;15;2.40;2024-03-23
14;Juridico;2520;13;4.50;2024-03-24
14;Juridico;2520;14;2.70;2024-03-24
14;Juridico;2520;15;2.40;2024-03-24
14;Juridico;1519;13;6.00;2024-03-25
14;Juridico;1519;14;3.60;2024-03-25
14;Juridico;1519;15;4.80;2024-03-25
14;Juridico;1496;13;6.00;2024-03-25
14;Juridico;1496;14;1.80;2024-03-25
14;Juridico;1496;15;6.00;2024-03-25
14;Juridico;1569;13;6.00;2024-03-25
14;Juridico;1569;14;3.60;2024-03-25
14;Juridico;1569;15;6.00;2024-03-25
14;Juridico;1559;13;3.00;2024-03-27
14;Juridico;1559;14;0.90;2024-03-27
14;Juridico;1559;15;6.00;2024-03-27
14;Juridico;1476;13;3.00;2024-03-27
14;Juridico;1476;14;4.50;2024-03-27
14;Juridico;1476;15;2.40;2024-03-27
14;Juridico;1553;13;6.00;2024-03-28
14;Juridico;1553;14;2.70;2024-03-28
14;Juridico;1553;15;3.60;2024-03-28
14;Juridico;1497;13;1.50;2024-03-28
14;Juridico;1497;14;0.90;2024-03-28
14;Juridico;1497;15;3.60;2024-03-28
14;Juridico;1491;13;4.50;2024-03-28
14;Juridico;1491;14;0.90;2024-03-28
14;Juridico;1491;15;1.20;2024-03-28
14;Juridico;1483;13;1.50;2024-03-28
14;Juridico;1483;14;1.80;2024-03-28
14;Juridico;1483;15;3.60;2024-03-28
14;Juridico;2540;13;6.00;2024-04-01
14;Juridico;2540;14;0.90;2024-04-01
14;Juridico;2540;15;1.20;2024-04-01
14;Juridico;1640;13;4.50;2024-04-02
14;Juridico;1640;14;1.80;2024-04-02
14;Juridico;1640;15;4.80;2024-04-02
14;Juridico;1593;13;6.00;2024-04-03
14;Juridico;1593;14;2.70;2024-04-03
14;Juridico;1593;15;1.20;2024-04-03
14;Juridico;1612;13;6.00;2024-04-03
14;Juridico;1612;14;1.80;2024-04-03
14;Juridico;1612;15;2.40;2024-04-03
14;Juridico;1635;13;7.50;2024-04-03
14;Juridico;1635;14;1.80;2024-04-03
14;Juridico;1635;15;3.60;2024-04-03
14;Juridico;1578;13;7.50;2024-04-04
14;Juridico;1578;14;2.70;2024-04-04
14;Juridico;1578;15;6.00;2024-04-04
14;Juridico;1657;13;4.50;2024-04-04
14;Juridico;1657;14;3.60;2024-04-04
14;Juridico;1657;15;2.40;2024-04-04
14;Juridico;1611;13;7.50;2024-04-04
14;Juridico;1611;14;4.50;2024-04-04
14;Juridico;1611;15;6.00;2024-04-04
14;Juridico;1584;13;3.00;2024-04-05
14;Juridico;1584;14;0.90;2024-04-05
14;Juridico;1584;15;2.40;2024-04-05
14;Juridico;2539;13;7.50;2024-04-06
14;Juridico;2539;14;0.90;2024-04-06
14;Juridico;2539;15;4.80;2024-04-06
14;Juridico;2536;13;7.50;2024-04-07
14;Juridico;2536;14;2.70;2024-04-07
14;Juridico;2536;15;4.80;2024-04-07
14;Juridico;1571;13;7.50;2024-04-08
14;Juridico;1571;14;3.60;2024-04-08
14;Juridico;1571;15;2.40;2024-04-08
14;Juridico;1632;13;3.00;2024-04-08
14;Juridico;1632;14;0.90;2024-04-08
14;Juridico;1632;15;6.00;2024-04-08
14;Juridico;1664;13;1.50;2024-04-08
14;Juridico;1664;14;0.90;2024-04-08
14;Juridico;1664;15;1.20;2024-04-08
14;Juridico;1649;13;7.50;2024-04-09
14;Juridico;1649;14;4.50;2024-04-09
14;Juridico;1649;15;1.20;2024-04-09
14;Juridico;1604;13;7.50;2024-04-09
14;Juridico;1604;14;0.90;2024-04-09
14;Juridico;1604;15;2.40;2024-04-09
14;Juridico;1639;13;7.50;2024-04-10
14;Juridico;1639;14;3.60;2024-04-10
14;Juridico;1639;15;1.20;2024-04-10
14;Juridico;1576;13;6.00;2024-04-10
14;Juridico;1576;14;4.50;2024-04-10
14;Juridico;1576;15;1.20;2024-04-10
14;Juridico;1581;13;3.00;2024-04-10
14;Juridico;1581;14;3.60;2024-04-10
14;Juridico;1581;15;4.80;2024-04-10
14;Juridico;1622;13;3.00;2024-04-11
14;Juridico;1622;14;1.80;2024-04-11
14;Juridico;1622;15;1.20;2024-04-11
14;Juridico;1600;13;6.00;2024-04-12
14;Juridico;1600;14;1.80;2024-04-12
14;Juridico;1600;15;2.40;2024-04-12
14;Juridico;1616;13;1.50;2024-04-12
14;Juridico;1616;14;2.70;2024-04-12
14;Juridico;1616;15;3.60;2024-04-12
14;Juridico;1570;13;1.50;2024-04-12
14;Juridico;1570;14;4.50;2024-04-12
14;Juridico;1570;15;2.40;2024-04-12
14;Juridico;1643;13;6.00;2024-04-14
14;Juridico;1643;14;1.80;2024-04-14
14;Juridico;1643;15;2.40;2024-04-14
14;Juridico;1647;13;3.00;2024-04-14
14;Juridico;1647;14;1.80;2024-04-14
14;Juridico;1647;15;4.80;2024-04-14
14;Juridico;1580;13;7.50;2024-04-16
14;Juridico;1580;14;2.70;2024-04-16
14;Juridico;1580;15;1.20;2024-04-16
14;Juridico;1633;13;1.50;2024-04-16
14;Juridico;1633;14;3.60;2024-04-16
14;Juridico;1633;15;3.60;2024-04-16
14;Juridico;1582;13;3.00;2024-04-17
14;Juridico;1582;14;1.80;2024-04-17
14;Juridico;1582;15;1.20;2024-04-17
14;Juridico;1625;13;4.50;2024-04-18
14;Juridico;1625;14;3.60;2024-04-18
14;Juridico;1625;15;3.60;2024-04-18
14;Juridico;1620;13;3.00;2024-04-19
14;Juridico;1620;14;1.80;2024-04-19
14;Juridico;1620;15;3.60;2024-04-19
14;Juridico;1666;13;7.50;2024-04-19
14;Juridico;1666;14;3.60;2024-04-19
14;Juridico;1666;15;4.80;2024-04-19
14;Juridico;1668;13;1.50;2024-04-21
14;Juridico;1668;14;2.70;2024-04-21
14;Juridico;1668;15;3.60;2024-04-21
14;Juridico;1661;13;7.50;2024-04-21
14;Juridico;1661;14;1.80;2024-04-21
14;Juridico;1661;15;4.80;2024-04-21
14;Juridico;2533;13;1.50;2024-04-22
14;Juridico;2533;14;0.90;2024-04-22
14;Juridico;2533;15;6.00;2024-04-22
14;Juridico;1652;13;4.50;2024-04-23
14;Juridico;1652;14;0.90;2024-04-23
14;Juridico;1652;15;6.00;2024-04-23
14;Juridico;1621;13;1.50;2024-04-23
14;Juridico;1621;14;0.90;2024-04-23
14;Juridico;1621;15;2.40;2024-04-23
14;Juridico;1627;13;4.50;2024-04-23
14;Juridico;1627;14;1.80;2024-04-23
14;Juridico;1627;15;2.40;2024-04-23
14;Juridico;2532;13;1.50;2024-04-24
14;Juridico;2532;14;4.50;2024-04-24
14;Juridico;2532;15;3.60;2024-04-24
14;Juridico;2530;13;4.50;2024-04-25
14;Juridico;2530;14;2.70;2024-04-25
14;Juridico;2530;15;3.60;2024-04-25
14;Juridico;1596;13;3.00;2024-04-26
14;Juridico;1596;14;2.70;2024-04-26
14;Juridico;1596;15;2.40;2024-04-26
14;Juridico;1665;13;6.00;2024-04-27
14;Juridico;1665;14;4.50;2024-04-27
14;Juridico;1665;15;1.20;2024-04-27
14;Juridico;1592;13;4.50;2024-04-28
14;Juridico;1592;14;1.80;2024-04-28
14;Juridico;1592;15;6.00;2024-04-28
14;Juridico;1614;13;7.50;2024-04-28
14;Juridico;1614;14;1.80;2024-04-28
14;Juridico;1614;15;4.80;2024-04-28
14;Juridico;1745;13;1.50;2024-05-01
14;Juridico;1745;14;4.50;2024-05-01
14;Juridico;1745;15;6.00;2024-05-01
14;Juridico;2547;13;4.50;2024-05-02
14;Juridico;2547;14;2.70;2024-05-02
14;Juridico;2547;15;2.40;2024-05-02
14;Juridico;1768;13;7.50;2024-05-03
14;Juridico;1768;14;1.80;2024-05-03
14;Juridico;1768;15;1.20;2024-05-03
14;Juridico;1705;13;4.50;2024-05-04
14;Juridico;1705;14;3.60;2024-05-04
14;Juridico;1705;15;3.60;2024-05-04
14;Juridico;1712;13;7.50;2024-05-05
14;Juridico;1712;14;2.70;2024-05-05
14;Juridico;1712;15;4.80;2024-05-05
14;Juridico;1670;13;6.00;2024-05-05
14;Juridico;1670;14;2.70;2024-05-05
14;Juridico;1670;15;4.80;2024-05-05
14;Juridico;1714;13;1.50;2024-05-06
14;Juridico;1714;14;1.80;2024-05-06
14;Juridico;1714;15;1.20;2024-05-06
14;Juridico;1695;13;3.00;2024-05-07
14;Juridico;1695;14;4.50;2024-05-07
14;Juridico;1695;15;1.20;2024-05-07
14;Juridico;1748;13;6.00;2024-05-07
14;Juridico;1748;14;3.60;2024-05-07
14;Juridico;1748;15;4.80;2024-05-07
14;Juridico;1744;13;4.50;2024-05-08
14;Juridico;1744;14;1.80;2024-05-08
14;Juridico;1744;15;1.20;2024-05-08
14;Juridico;1691;13;6.00;2024-05-08
14;Juridico;1691;14;2.70;2024-05-08
14;Juridico;1691;15;3.60;2024-05-08
14;Juridico;1692;13;4.50;2024-05-08
14;Juridico;1692;14;3.60;2024-05-08
14;Juridico;1692;15;6.00;2024-05-08
14;Juridico;1734;13;3.00;2024-05-08
14;Juridico;1734;14;4.50;2024-05-08
14;Juridico;1734;15;1.20;2024-05-08
14;Juridico;2548;13;3.00;2024-05-09
14;Juridico;2548;14;0.90;2024-05-09
14;Juridico;2548;15;2.40;2024-05-09
14;Juridico;1671;13;3.00;2024-05-10
14;Juridico;1671;14;4.50;2024-05-10
14;Juridico;1671;15;1.20;2024-05-10
14;Juridico;1746;13;6.00;2024-05-10
14;Juridico;1746;14;4.50;2024-05-10
14;Juridico;1746;15;3.60;2024-05-10
14;Juridico;1755;13;1.50;2024-05-11
14;Juridico;1755;14;2.70;2024-05-11
14;Juridico;1755;15;1.20;2024-05-11
14;Juridico;1763;13;6.00;2024-05-11
14;Juridico;1763;14;0.90;2024-05-11
14;Juridico;1763;15;6.00;2024-05-11
14;Juridico;1756;13;4.50;2024-05-12
14;Juridico;1756;14;2.70;2024-05-12
14;Juridico;1756;15;6.00;2024-05-12
14;Juridico;1682;13;6.00;2024-05-12
14;Juridico;1682;14;1.80;2024-05-12
14;Juridico;1682;15;6.00;2024-05-12
14;Juridico;1751;13;6.00;2024-05-13
14;Juridico;1751;14;4.50;2024-05-13
14;Juridico;1751;15;3.60;2024-05-13
14;Juridico;1732;13;7.50;2024-05-14
14;Juridico;1732;14;0.90;2024-05-14
14;Juridico;1732;15;4.80;2024-05-14
14;Juridico;1717;13;1.50;2024-05-14
14;Juridico;1717;14;0.90;2024-05-14
14;Juridico;1717;15;1.20;2024-05-14
14;Juridico;1752;13;1.50;2024-05-15
14;Juridico;1752;14;4.50;2024-05-15
14;Juridico;1752;15;2.40;2024-05-15
14;Juridico;1754;13;7.50;2024-05-15
14;Juridico;1754;14;1.80;2024-05-15
14;Juridico;1754;15;6.00;2024-05-15
14;Juridico;1743;13;3.00;2024-05-16
14;Juridico;1743;14;4.50;2024-05-16
14;Juridico;1743;15;1.20;2024-05-16
14;Juridico;1729;13;6.00;2024-05-16
14;Juridico;1729;14;4.50;2024-05-16
14;Juridico;1729;15;4.80;2024-05-16
14;Juridico;1684;13;7.50;2024-05-16
14;Juridico;1684;14;2.70;2024-05-16
14;Juridico;1684;15;2.40;2024-05-16
14;Juridico;2543;13;6.00;2024-05-17
14;Juridico;2543;14;1.80;2024-05-17
14;Juridico;2543;15;4.80;2024-05-17
14;Juridico;1736;13;4.50;2024-05-18
14;Juridico;1736;14;2.70;2024-05-18
14;Juridico;1736;15;2.40;2024-05-18
14;Juridico;2562;13;7.50;2024-05-19
14;Juridico;2562;14;3.60;2024-05-19
14;Juridico;2562;15;1.20;2024-05-19
14;Juridico;1723;13;4.50;2024-05-20
14;Juridico;1723;14;0.90;2024-05-20
14;Juridico;1723;15;6.00;2024-05-20
14;Juridico;1697;13;6.00;2024-05-20
14;Juridico;1697;14;0.90;2024-05-20
14;Juridico;1697;15;3.60;2024-05-20
14;Juridico;1700;13;1.50;2024-05-21
14;Juridico;1700;14;1.80;2024-05-21
14;Juridico;1700;15;1.20;2024-05-21
14;Juridico;1750;13;1.50;2024-05-22
14;Juridico;1750;14;4.50;2024-05-22
14;Juridico;1750;15;2.40;2024-05-22
14;Juridico;2553;13;6.00;2024-05-23
14;Juridico;2553;14;1.80;2024-05-23
14;Juridico;2553;15;2.40;2024-05-23
14;Juridico;2559;13;4.50;2024-05-24
14;Juridico;2559;14;4.50;2024-05-24
14;Juridico;2559;15;2.40;2024-05-24
14;Juridico;2550;13;4.50;2024-05-25
14;Juridico;2550;14;2.70;2024-05-25
14;Juridico;2550;15;1.20;2024-05-25
14;Juridico;2551;13;4.50;2024-05-26
14;Juridico;2551;14;1.80;2024-05-26
14;Juridico;2551;15;2.40;2024-05-26
14;Juridico;1703;13;4.50;2024-05-27
14;Juridico;1703;14;4.50;2024-05-27
14;Juridico;1703;15;4.80;2024-05-27
14;Juridico;1672;13;4.50;2024-05-27
14;Juridico;1672;14;0.90;2024-05-27
14;Juridico;1672;15;3.60;2024-05-27
14;Juridico;1718;13;7.50;2024-05-28
14;Juridico;1718;14;2.70;2024-05-28
14;Juridico;1718;15;6.00;2024-05-28
14;Juridico;1757;13;1.50;2024-05-28
14;Juridico;1757;14;4.50;2024-05-28
14;Juridico;1757;15;4.80;2024-05-28
14;Juridico;1780;13;1.50;2024-06-01
14;Juridico;1780;14;2.70;2024-06-01
14;Juridico;1780;15;2.40;2024-06-01
14;Juridico;1851;13;6.00;2024-06-01
14;Juridico;1851;14;2.70;2024-06-01
14;Juridico;1851;15;6.00;2024-06-01
14;Juridico;2567;13;1.50;2024-06-02
14;Juridico;2567;14;3.60;2024-06-02
14;Juridico;2567;15;4.80;2024-06-02
14;Juridico;1842;13;6.00;2024-06-03
14;Juridico;1842;14;0.90;2024-06-03
14;Juridico;1842;15;3.60;2024-06-03
14;Juridico;1808;13;6.00;2024-06-03
14;Juridico;1808;14;1.80;2024-06-03
14;Juridico;1808;15;2.40;2024-06-03
14;Juridico;1812;13;4.50;2024-06-04
14;Juridico;1812;14;1.80;2024-06-04
14;Juridico;1812;15;4.80;2024-06-04
14;Juridico;1846;13;4.50;2024-06-04
14;Juridico;1846;14;1.80;2024-06-04
14;Juridico;1846;15;4.80;2024-06-04
14;Juridico;1810;13;6.00;2024-06-05
14;Juridico;1810;14;2.70;2024-06-05
14;Juridico;1810;15;4.80;2024-06-05
14;Juridico;1793;13;1.50;2024-06-05
14;Juridico;1793;14;4.50;2024-06-05
14;Juridico;1793;15;3.60;2024-06-05
14;Juridico;1788;13;7.50;2024-06-06
14;Juridico;1788;14;0.90;2024-06-06
14;Juridico;1788;15;1.20;2024-06-06
14;Juridico;1826;13;4.50;2024-06-06
14;Juridico;1826;14;4.50;2024-06-06
14;Juridico;1826;15;6.00;2024-06-06
14;Juridico;1794;13;7.50;2024-06-07
14;Juridico;1794;14;4.50;2024-06-07
14;Juridico;1794;15;2.40;2024-06-07
14;Juridico;1858;13;3.00;2024-06-08
14;Juridico;1858;14;1.80;2024-06-08
14;Juridico;1858;15;3.60;2024-06-08
14;Juridico;1827;13;6.00;2024-06-09
14;Juridico;1827;14;4.50;2024-06-09
14;Juridico;1827;15;3.60;2024-06-09
14;Juridico;1824;13;6.00;2024-06-09
14;Juridico;1824;14;1.80;2024-06-09
14;Juridico;1824;15;4.80;2024-06-09
14;Juridico;2572;13;6.00;2024-06-10
14;Juridico;2572;14;2.70;2024-06-10
14;Juridico;2572;15;1.20;2024-06-10
14;Juridico;1815;13;1.50;2024-06-11
14;Juridico;1815;14;2.70;2024-06-11
14;Juridico;1815;15;4.80;2024-06-11
14;Juridico;1804;13;6.00;2024-06-11
14;Juridico;1804;14;3.60;2024-06-11
14;Juridico;1804;15;6.00;2024-06-11
14;Juridico;1809;13;4.50;2024-06-12
14;Juridico;1809;14;2.70;2024-06-12
14;Juridico;1809;15;3.60;2024-06-12
14;Juridico;1779;13;1.50;2024-06-12
14;Juridico;1779;14;4.50;2024-06-12
14;Juridico;1779;15;1.20;2024-06-12
14;Juridico;2575;13;3.00;2024-06-13
14;Juridico;2575;14;2.70;2024-06-13
14;Juridico;2575;15;3.60;2024-06-13
14;Juridico;1787;13;1.50;2024-06-14
14;Juridico;1787;14;4.50;2024-06-14
14;Juridico;1787;15;2.40;2024-06-14
14;Juridico;1825;13;4.50;2024-06-14
14;Juridico;1825;14;4.50;2024-06-14
14;Juridico;1825;15;6.00;2024-06-14
14;Juridico;1854;13;1.50;2024-06-14
14;Juridico;1854;14;1.80;2024-06-14
14;Juridico;1854;15;4.80;2024-06-14
14;Juridico;1843;13;1.50;2024-06-15
14;Juridico;1843;14;3.60;2024-06-15
14;Juridico;1843;15;3.60;2024-06-15
14;Juridico;2580;13;1.50;2024-06-16
14;Juridico;2580;14;4.50;2024-06-16
14;Juridico;2580;15;2.40;2024-06-16
14;Juridico;1822;13;4.50;2024-06-17
14;Juridico;1822;14;3.60;2024-06-17
14;Juridico;1822;15;1.20;2024-06-17
14;Juridico;1847;13;1.50;2024-06-17
14;Juridico;1847;14;1.80;2024-06-17
14;Juridico;1847;15;3.60;2024-06-17
14;Juridico;1782;13;3.00;2024-06-17
14;Juridico;1782;14;3.60;2024-06-17
14;Juridico;1782;15;4.80;2024-06-17
14;Juridico;1801;13;1.50;2024-06-18
14;Juridico;1801;14;1.80;2024-06-18
14;Juridico;1801;15;2.40;2024-06-18
14;Juridico;1855;13;7.50;2024-06-18
14;Juridico;1855;14;4.50;2024-06-18
14;Juridico;1855;15;3.60;2024-06-18
14;Juridico;1831;13;7.50;2024-06-18
14;Juridico;1831;14;0.90;2024-06-18
14;Juridico;1831;15;4.80;2024-06-18
14;Juridico;1863;13;4.50;2024-06-19
14;Juridico;1863;14;0.90;2024-06-19
14;Juridico;1863;15;6.00;2024-06-19
14;Juridico;1823;13;6.00;2024-06-20
14;Juridico;1823;14;1.80;2024-06-20
14;Juridico;1823;15;2.40;2024-06-20
14;Juridico;1781;13;7.50;2024-06-20
14;Juridico;1781;14;1.80;2024-06-20
14;Juridico;1781;15;3.60;2024-06-20
14;Juridico;2573;13;1.50;2024-06-21
14;Juridico;2573;14;2.70;2024-06-21
14;Juridico;2573;15;6.00;2024-06-21
14;Juridico;1869;13;7.50;2024-06-22
14;Juridico;1869;14;1.80;2024-06-22
14;Juridico;1869;15;1.20;2024-06-22
14;Juridico;1805;13;7.50;2024-06-23
14;Juridico;1805;14;2.70;2024-06-23
14;Juridico;1805;15;4.80;2024-06-23
14;Juridico;1862;13;3.00;2024-06-24
14;Juridico;1862;14;3.60;2024-06-24
14;Juridico;1862;15;4.80;2024-06-24
14;Juridico;1818;13;1.50;2024-06-24
14;Juridico;1818;14;4.50;2024-06-24
14;Juridico;1818;15;4.80;2024-06-24
14;Juridico;2576;13;1.50;2024-06-25
14;Juridico;2576;14;3.60;2024-06-25
14;Juridico;2576;15;2.40;2024-06-25
14;Juridico;1792;13;3.00;2024-06-26
14;Juridico;1792;14;1.80;2024-06-26
14;Juridico;1792;15;2.40;2024-06-26
14;Juridico;2588;13;1.50;2024-06-27
14;Juridico;2588;14;1.80;2024-06-27
14;Juridico;2588;15;1.20;2024-06-27
14;Juridico;1789;13;3.00;2024-06-28
14;Juridico;1789;14;4.50;2024-06-28
14;Juridico;1789;15;4.80;2024-06-28
14;Juridico;1816;13;4.50;2024-06-28
14;Juridico;1816;14;4.50;2024-06-28
14;Juridico;1816;15;6.00;2024-06-28
14;Juridico;1942;13;6.00;2024-07-01
14;Juridico;1942;14;3.60;2024-07-01
14;Juridico;1942;15;1.20;2024-07-01
14;Juridico;2593;13;7.50;2024-07-03
14;Juridico;2593;14;2.70;2024-07-03
14;Juridico;2593;15;2.40;2024-07-03
14;Juridico;2604;13;4.50;2024-07-04
14;Juridico;2604;14;1.80;2024-07-04
14;Juridico;2604;15;4.80;2024-07-04
14;Juridico;1919;13;7.50;2024-07-05
14;Juridico;1919;14;4.50;2024-07-05
14;Juridico;1919;15;2.40;2024-07-05
14;Juridico;1911;13;3.00;2024-07-06
14;Juridico;1911;14;3.60;2024-07-06
14;Juridico;1911;15;6.00;2024-07-06
14;Juridico;1937;13;3.00;2024-07-07
14;Juridico;1937;14;3.60;2024-07-07
14;Juridico;1937;15;1.20;2024-07-07
14;Juridico;1914;13;1.50;2024-07-08
14;Juridico;1914;14;0.90;2024-07-08
14;Juridico;1914;15;1.20;2024-07-08
14;Juridico;1956;13;1.50;2024-07-09
14;Juridico;1956;14;1.80;2024-07-09
14;Juridico;1956;15;4.80;2024-07-09
14;Juridico;1905;13;3.00;2024-07-10
14;Juridico;1905;14;1.80;2024-07-10
14;Juridico;1905;15;4.80;2024-07-10
14;Juridico;1932;13;3.00;2024-07-10
14;Juridico;1932;14;4.50;2024-07-10
14;Juridico;1932;15;4.80;2024-07-10
14;Juridico;1889;13;3.00;2024-07-10
14;Juridico;1889;14;2.70;2024-07-10
14;Juridico;1889;15;1.20;2024-07-10
14;Juridico;1910;13;6.00;2024-07-11
14;Juridico;1910;14;3.60;2024-07-11
14;Juridico;1910;15;4.80;2024-07-11
14;Juridico;1915;13;7.50;2024-07-12
14;Juridico;1915;14;2.70;2024-07-12
14;Juridico;1915;15;2.40;2024-07-12
14;Juridico;1875;13;3.00;2024-07-13
14;Juridico;1875;14;3.60;2024-07-13
14;Juridico;1875;15;3.60;2024-07-13
14;Juridico;1961;13;3.00;2024-07-13
14;Juridico;1961;14;3.60;2024-07-13
14;Juridico;1961;15;3.60;2024-07-13
14;Juridico;1920;13;4.50;2024-07-14
14;Juridico;1920;14;4.50;2024-07-14
14;Juridico;1920;15;3.60;2024-07-14
14;Juridico;1879;13;3.00;2024-07-16
14;Juridico;1879;14;0.90;2024-07-16
14;Juridico;1879;15;3.60;2024-07-16
14;Juridico;1895;13;3.00;2024-07-17
14;Juridico;1895;14;3.60;2024-07-17
14;Juridico;1895;15;3.60;2024-07-17
14;Juridico;2601;13;7.50;2024-07-18
14;Juridico;2601;14;1.80;2024-07-18
14;Juridico;2601;15;2.40;2024-07-18
14;Juridico;1908;13;6.00;2024-07-19
14;Juridico;1908;14;2.70;2024-07-19
14;Juridico;1908;15;6.00;2024-07-19
14;Juridico;1900;13;1.50;2024-07-19
14;Juridico;1900;14;2.70;2024-07-19
14;Juridico;1900;15;1.20;2024-07-19
14;Juridico;2596;13;4.50;2024-07-20
14;Juridico;2596;14;0.90;2024-07-20
14;Juridico;2596;15;1.20;2024-07-20
14;Juridico;2597;13;1.50;2024-07-22
14;Juridico;2597;14;0.90;2024-07-22
14;Juridico;2597;15;6.00;2024-07-22
14;Juridico;1960;13;3.00;2024-07-23
14;Juridico;1960;14;3.60;2024-07-23
14;Juridico;1960;15;1.20;2024-07-23
14;Juridico;1948;13;4.50;2024-07-23
14;Juridico;1948;14;0.90;2024-07-23
14;Juridico;1948;15;1.20;2024-07-23
14;Juridico;1936;13;3.00;2024-07-24
14;Juridico;1936;14;2.70;2024-07-24
14;Juridico;1936;15;1.20;2024-07-24
14;Juridico;1931;13;1.50;2024-07-25
14;Juridico;1931;14;2.70;2024-07-25
14;Juridico;1931;15;6.00;2024-07-25
14;Juridico;1870;13;1.50;2024-07-25
14;Juridico;1870;14;2.70;2024-07-25
14;Juridico;1870;15;2.40;2024-07-25
14;Juridico;1930;13;6.00;2024-07-26
14;Juridico;1930;14;3.60;2024-07-26
14;Juridico;1930;15;4.80;2024-07-26
14;Juridico;1938;13;6.00;2024-07-27
14;Juridico;1938;14;3.60;2024-07-27
14;Juridico;1938;15;6.00;2024-07-27
14;Juridico;1964;13;7.50;2024-07-27
14;Juridico;1964;14;4.50;2024-07-27
14;Juridico;1964;15;4.80;2024-07-27
14;Juridico;1968;13;3.00;2024-07-27
14;Juridico;1968;14;3.60;2024-07-27
14;Juridico;1968;15;4.80;2024-07-27
14;Juridico;1969;13;1.50;2024-07-28
14;Juridico;1969;14;1.80;2024-07-28
14;Juridico;1969;15;6.00;2024-07-28
14;Juridico;1952;13;6.00;2024-07-28
14;Juridico;1952;14;3.60;2024-07-28
14;Juridico;1952;15;3.60;2024-07-28
14;Juridico;2612;13;6.00;2024-08-01
14;Juridico;2612;14;4.50;2024-08-01
14;Juridico;2612;15;2.40;2024-08-01
14;Juridico;2004;13;1.50;2024-08-02
14;Juridico;2004;14;3.60;2024-08-02
14;Juridico;2004;15;4.80;2024-08-02
14;Juridico;2017;13;7.50;2024-08-03
14;Juridico;2017;14;1.80;2024-08-03
14;Juridico;2017;15;4.80;2024-08-03
14;Juridico;2005;13;7.50;2024-08-04
14;Juridico;2005;14;2.70;2024-08-04
14;Juridico;2005;15;2.40;2024-08-04
14;Juridico;2033;13;7.50;2024-08-04
14;Juridico;2033;14;1.80;2024-08-04
14;Juridico;2033;15;6.00;2024-08-04
14;Juridico;2066;13;1.50;2024-08-05
14;Juridico;2066;14;0.90;2024-08-05
14;Juridico;2066;15;4.80;2024-08-05
14;Juridico;1993;13;1.50;2024-08-05
14;Juridico;1993;14;2.70;2024-08-05
14;Juridico;1993;15;1.20;2024-08-05
14;Juridico;2026;13;1.50;2024-08-06
14;Juridico;2026;14;4.50;2024-08-06
14;Juridico;2026;15;2.40;2024-08-06
14;Juridico;1976;13;4.50;2024-08-06
14;Juridico;1976;14;2.70;2024-08-06
14;Juridico;1976;15;1.20;2024-08-06
14;Juridico;2056;13;7.50;2024-08-07
14;Juridico;2056;14;3.60;2024-08-07
14;Juridico;2056;15;4.80;2024-08-07
14;Juridico;1977;13;7.50;2024-08-08
14;Juridico;1977;14;4.50;2024-08-08
14;Juridico;1977;15;1.20;2024-08-08
14;Juridico;2000;13;4.50;2024-08-08
14;Juridico;2000;14;1.80;2024-08-08
14;Juridico;2000;15;3.60;2024-08-08
14;Juridico;2617;13;3.00;2024-08-09
14;Juridico;2617;14;4.50;2024-08-09
14;Juridico;2617;15;1.20;2024-08-09
14;Juridico;2014;13;1.50;2024-08-10
14;Juridico;2014;14;1.80;2024-08-10
14;Juridico;2014;15;3.60;2024-08-10
14;Juridico;1979;13;3.00;2024-08-10
14;Juridico;1979;14;1.80;2024-08-10
14;Juridico;1979;15;3.60;2024-08-10
14;Juridico;2045;13;4.50;2024-08-12
14;Juridico;2045;14;3.60;2024-08-12
14;Juridico;2045;15;4.80;2024-08-12
14;Juridico;2067;13;1.50;2024-08-13
14;Juridico;2067;14;1.80;2024-08-13
14;Juridico;2067;15;3.60;2024-08-13
14;Juridico;2052;13;6.00;2024-08-13
14;Juridico;2052;14;1.80;2024-08-13
14;Juridico;2052;15;6.00;2024-08-13
14;Juridico;1986;13;3.00;2024-08-14
14;Juridico;1986;14;2.70;2024-08-14
14;Juridico;1986;15;4.80;2024-08-14
14;Juridico;1998;13;4.50;2024-08-15
14;Juridico;1998;14;1.80;2024-08-15
14;Juridico;1998;15;2.40;2024-08-15
14;Juridico;2012;13;7.50;2024-08-16
14;Juridico;2012;14;3.60;2024-08-16
14;Juridico;2012;15;4.80;2024-08-16
14;Juridico;2021;13;7.50;2024-08-17
14;Juridico;2021;14;3.60;2024-08-17
14;Juridico;2021;15;1.20;2024-08-17
14;Juridico;2022;13;7.50;2024-08-17
14;Juridico;2022;14;0.90;2024-08-17
14;Juridico;2022;15;3.60;2024-08-17
14;Juridico;2609;13;6.00;2024-08-18
14;Juridico;2609;14;0.90;2024-08-18
14;Juridico;2609;15;3.60;2024-08-18
14;Juridico;1983;13;4.50;2024-08-19
14;Juridico;1983;14;0.90;2024-08-19
14;Juridico;1983;15;6.00;2024-08-19
14;Juridico;2041;13;6.00;2024-08-19
14;Juridico;2041;14;4.50;2024-08-19
14;Juridico;2041;15;4.80;2024-08-19
14;Juridico;1985;13;6.00;2024-08-20
14;Juridico;1985;14;1.80;2024-08-20
14;Juridico;1985;15;1.20;2024-08-20
14;Juridico;2034;13;3.00;2024-08-21
14;Juridico;2034;14;4.50;2024-08-21
14;Juridico;2034;15;1.20;2024-08-21
14;Juridico;2048;13;4.50;2024-08-22
14;Juridico;2048;14;3.60;2024-08-22
14;Juridico;2048;15;3.60;2024-08-22
14;Juridico;2610;13;4.50;2024-08-23
14;Juridico;2610;14;4.50;2024-08-23
14;Juridico;2610;15;2.40;2024-08-23
14;Juridico;2616;13;1.50;2024-08-24
14;Juridico;2616;14;1.80;2024-08-24
14;Juridico;2616;15;1.20;2024-08-24
14;Juridico;2008;13;6.00;2024-08-25
14;Juridico;2008;14;2.70;2024-08-25
14;Juridico;2008;15;2.40;2024-08-25
14;Juridico;1978;13;3.00;2024-08-25
14;Juridico;1978;14;1.80;2024-08-25
14;Juridico;1978;15;1.20;2024-08-25
14;Juridico;2606;13;6.00;2024-08-26
14;Juridico;2606;14;1.80;2024-08-26
14;Juridico;2606;15;2.40;2024-08-26
14;Juridico;2611;13;1.50;2024-08-27
14;Juridico;2611;14;1.80;2024-08-27
14;Juridico;2611;15;3.60;2024-08-27
14;Juridico;1994;13;1.50;2024-08-28
14;Juridico;1994;14;2.70;2024-08-28
14;Juridico;1994;15;1.20;2024-08-28
14;Juridico;2132;13;7.50;2024-09-01
14;Juridico;2132;14;0.90;2024-09-01
14;Juridico;2132;15;6.00;2024-09-01
14;Juridico;2626;13;1.50;2024-09-02
14;Juridico;2626;14;3.60;2024-09-02
14;Juridico;2626;15;3.60;2024-09-02
14;Juridico;2100;13;4.50;2024-09-03
14;Juridico;2100;14;2.70;2024-09-03
14;Juridico;2100;15;2.40;2024-09-03
14;Juridico;2623;13;4.50;2024-09-04
14;Juridico;2623;14;2.70;2024-09-04
14;Juridico;2623;15;3.60;2024-09-04
14;Juridico;2101;13;6.00;2024-09-05
14;Juridico;2101;14;1.80;2024-09-05
14;Juridico;2101;15;1.20;2024-09-05
14;Juridico;2082;13;7.50;2024-09-05
14;Juridico;2082;14;1.80;2024-09-05
14;Juridico;2082;15;3.60;2024-09-05
14;Juridico;2134;13;7.50;2024-09-05
14;Juridico;2134;14;2.70;2024-09-05
14;Juridico;2134;15;3.60;2024-09-05
14;Juridico;2159;13;7.50;2024-09-05
14;Juridico;2159;14;0.90;2024-09-05
14;Juridico;2159;15;3.60;2024-09-05
14;Juridico;2160;13;1.50;2024-09-05
14;Juridico;2160;14;4.50;2024-09-05
14;Juridico;2160;15;4.80;2024-09-05
14;Juridico;2636;13;3.00;2024-09-06
14;Juridico;2636;14;0.90;2024-09-06
14;Juridico;2636;15;3.60;2024-09-06
14;Juridico;2152;13;4.50;2024-09-07
14;Juridico;2152;14;1.80;2024-09-07
14;Juridico;2152;15;3.60;2024-09-07
14;Juridico;2117;13;4.50;2024-09-07
14;Juridico;2117;14;0.90;2024-09-07
14;Juridico;2117;15;6.00;2024-09-07
14;Juridico;2639;13;6.00;2024-09-08
14;Juridico;2639;14;0.90;2024-09-08
14;Juridico;2639;15;1.20;2024-09-08
14;Juridico;2109;13;3.00;2024-09-09
14;Juridico;2109;14;3.60;2024-09-09
14;Juridico;2109;15;1.20;2024-09-09
14;Juridico;2072;13;1.50;2024-09-09
14;Juridico;2072;14;3.60;2024-09-09
14;Juridico;2072;15;6.00;2024-09-09
14;Juridico;2107;13;3.00;2024-09-10
14;Juridico;2107;14;0.90;2024-09-10
14;Juridico;2107;15;4.80;2024-09-10
14;Juridico;2137;13;3.00;2024-09-10
14;Juridico;2137;14;1.80;2024-09-10
14;Juridico;2137;15;3.60;2024-09-10
14;Juridico;2124;13;7.50;2024-09-11
14;Juridico;2124;14;3.60;2024-09-11
14;Juridico;2124;15;3.60;2024-09-11
14;Juridico;2154;13;4.50;2024-09-12
14;Juridico;2154;14;2.70;2024-09-12
14;Juridico;2154;15;4.80;2024-09-12
14;Juridico;2135;13;4.50;2024-09-12
14;Juridico;2135;14;2.70;2024-09-12
14;Juridico;2135;15;3.60;2024-09-12
14;Juridico;2115;13;6.00;2024-09-12
14;Juridico;2115;14;0.90;2024-09-12
14;Juridico;2115;15;4.80;2024-09-12
14;Juridico;2155;13;6.00;2024-09-14
14;Juridico;2155;14;2.70;2024-09-14
14;Juridico;2155;15;2.40;2024-09-14
14;Juridico;2079;13;3.00;2024-09-16
14;Juridico;2079;14;3.60;2024-09-16
14;Juridico;2079;15;4.80;2024-09-16
14;Juridico;2070;13;6.00;2024-09-16
14;Juridico;2070;14;1.80;2024-09-16
14;Juridico;2070;15;6.00;2024-09-16
14;Juridico;2628;13;4.50;2024-09-17
14;Juridico;2628;14;1.80;2024-09-17
14;Juridico;2628;15;1.20;2024-09-17
14;Juridico;2166;13;3.00;2024-09-18
14;Juridico;2166;14;1.80;2024-09-18
14;Juridico;2166;15;3.60;2024-09-18
14;Juridico;2627;13;1.50;2024-09-19
14;Juridico;2627;14;4.50;2024-09-19
14;Juridico;2627;15;6.00;2024-09-19
14;Juridico;2157;13;1.50;2024-09-20
14;Juridico;2157;14;4.50;2024-09-20
14;Juridico;2157;15;4.80;2024-09-20
14;Juridico;2147;13;1.50;2024-09-20
14;Juridico;2147;14;2.70;2024-09-20
14;Juridico;2147;15;4.80;2024-09-20
14;Juridico;2136;13;4.50;2024-09-20
14;Juridico;2136;14;2.70;2024-09-20
14;Juridico;2136;15;3.60;2024-09-20
14;Juridico;2139;13;3.00;2024-09-21
14;Juridico;2139;14;3.60;2024-09-21
14;Juridico;2139;15;1.20;2024-09-21
14;Juridico;2106;13;7.50;2024-09-21
14;Juridico;2106;14;4.50;2024-09-21
14;Juridico;2106;15;1.20;2024-09-21
14;Juridico;2120;13;6.00;2024-09-22
14;Juridico;2120;14;2.70;2024-09-22
14;Juridico;2120;15;6.00;2024-09-22
14;Juridico;2092;13;4.50;2024-09-22
14;Juridico;2092;14;2.70;2024-09-22
14;Juridico;2092;15;3.60;2024-09-22
14;Juridico;2131;13;1.50;2024-09-23
14;Juridico;2131;14;2.70;2024-09-23
14;Juridico;2131;15;1.20;2024-09-23
14;Juridico;2158;13;3.00;2024-09-24
14;Juridico;2158;14;1.80;2024-09-24
14;Juridico;2158;15;3.60;2024-09-24
14;Juridico;2141;13;7.50;2024-09-24
14;Juridico;2141;14;0.90;2024-09-24
14;Juridico;2141;15;1.20;2024-09-24
14;Juridico;2130;13;3.00;2024-09-25
14;Juridico;2130;14;1.80;2024-09-25
14;Juridico;2130;15;1.20;2024-09-25
14;Juridico;2624;13;1.50;2024-09-26
14;Juridico;2624;14;4.50;2024-09-26
14;Juridico;2624;15;1.20;2024-09-26
14;Juridico;2093;13;7.50;2024-09-27
14;Juridico;2093;14;4.50;2024-09-27
14;Juridico;2093;15;1.20;2024-09-27
14;Juridico;2102;13;1.50;2024-09-27
14;Juridico;2102;14;1.80;2024-09-27
14;Juridico;2102;15;2.40;2024-09-27
14;Juridico;2113;13;7.50;2024-09-28
14;Juridico;2113;14;4.50;2024-09-28
14;Juridico;2113;15;2.40;2024-09-28
14;Juridico;2645;13;3.00;2024-10-01
14;Juridico;2645;14;3.60;2024-10-01
14;Juridico;2645;15;6.00;2024-10-01
14;Juridico;2180;13;3.00;2024-10-02
14;Juridico;2180;14;3.60;2024-10-02
14;Juridico;2180;15;3.60;2024-10-02
14;Juridico;2210;13;6.00;2024-10-03
14;Juridico;2210;14;1.80;2024-10-03
14;Juridico;2210;15;6.00;2024-10-03
14;Juridico;2250;13;6.00;2024-10-03
14;Juridico;2250;14;3.60;2024-10-03
14;Juridico;2250;15;1.20;2024-10-03
14;Juridico;2651;13;3.00;2024-10-04
14;Juridico;2651;14;0.90;2024-10-04
14;Juridico;2651;15;2.40;2024-10-04
14;Juridico;2225;13;3.00;2024-10-06
14;Juridico;2225;14;0.90;2024-10-06
14;Juridico;2225;15;6.00;2024-10-06
14;Juridico;2175;13;1.50;2024-10-08
14;Juridico;2175;14;4.50;2024-10-08
14;Juridico;2175;15;6.00;2024-10-08
14;Juridico;2200;13;1.50;2024-10-08
14;Juridico;2200;14;2.70;2024-10-08
14;Juridico;2200;15;1.20;2024-10-08
14;Juridico;2219;13;4.50;2024-10-09
14;Juridico;2219;14;3.60;2024-10-09
14;Juridico;2219;15;4.80;2024-10-09
14;Juridico;2173;13;7.50;2024-10-09
14;Juridico;2173;14;2.70;2024-10-09
14;Juridico;2173;15;3.60;2024-10-09
14;Juridico;2654;13;3.00;2024-10-10
14;Juridico;2654;14;2.70;2024-10-10
14;Juridico;2654;15;1.20;2024-10-10
14;Juridico;2655;13;7.50;2024-10-11
14;Juridico;2655;14;0.90;2024-10-11
14;Juridico;2655;15;6.00;2024-10-11
14;Juridico;2657;13;4.50;2024-10-12
14;Juridico;2657;14;2.70;2024-10-12
14;Juridico;2657;15;1.20;2024-10-12
14;Juridico;2182;13;4.50;2024-10-13
14;Juridico;2182;14;1.80;2024-10-13
14;Juridico;2182;15;3.60;2024-10-13
14;Juridico;2251;13;3.00;2024-10-14
14;Juridico;2251;14;1.80;2024-10-14
14;Juridico;2251;15;6.00;2024-10-14
14;Juridico;2659;13;6.00;2024-10-15
14;Juridico;2659;14;0.90;2024-10-15
14;Juridico;2659;15;3.60;2024-10-15
14;Juridico;2174;13;6.00;2024-10-16
14;Juridico;2174;14;2.70;2024-10-16
14;Juridico;2174;15;1.20;2024-10-16
14;Juridico;2255;13;3.00;2024-10-16
14;Juridico;2255;14;0.90;2024-10-16
14;Juridico;2255;15;1.20;2024-10-16
14;Juridico;2224;13;7.50;2024-10-17
14;Juridico;2224;14;0.90;2024-10-17
14;Juridico;2224;15;1.20;2024-10-17
14;Juridico;2262;13;4.50;2024-10-18
14;Juridico;2262;14;2.70;2024-10-18
14;Juridico;2262;15;2.40;2024-10-18
14;Juridico;2202;13;1.50;2024-10-19
14;Juridico;2202;14;3.60;2024-10-19
14;Juridico;2202;15;1.20;2024-10-19
14;Juridico;2222;13;6.00;2024-10-21
14;Juridico;2222;14;2.70;2024-10-21
14;Juridico;2222;15;4.80;2024-10-21
14;Juridico;2223;13;4.50;2024-10-21
14;Juridico;2223;14;4.50;2024-10-21
14;Juridico;2223;15;1.20;2024-10-21
14;Juridico;2205;13;1.50;2024-10-22
14;Juridico;2205;14;0.90;2024-10-22
14;Juridico;2205;15;3.60;2024-10-22
14;Juridico;2233;13;7.50;2024-10-22
14;Juridico;2233;14;0.90;2024-10-22
14;Juridico;2233;15;2.40;2024-10-22
14;Juridico;2186;13;7.50;2024-10-23
14;Juridico;2186;14;1.80;2024-10-23
14;Juridico;2186;15;2.40;2024-10-23
14;Juridico;2228;13;6.00;2024-10-24
14;Juridico;2228;14;1.80;2024-10-24
14;Juridico;2228;15;6.00;2024-10-24
14;Juridico;2646;13;3.00;2024-10-25
14;Juridico;2646;14;0.90;2024-10-25
14;Juridico;2646;15;2.40;2024-10-25
14;Juridico;2268;13;4.50;2024-10-26
14;Juridico;2268;14;2.70;2024-10-26
14;Juridico;2268;15;2.40;2024-10-26
14;Juridico;2253;13;4.50;2024-10-26
14;Juridico;2253;14;2.70;2024-10-26
14;Juridico;2253;15;2.40;2024-10-26
14;Juridico;2215;13;3.00;2024-10-27
14;Juridico;2215;14;0.90;2024-10-27
14;Juridico;2215;15;6.00;2024-10-27
14;Juridico;2239;13;3.00;2024-10-28
14;Juridico;2239;14;2.70;2024-10-28
14;Juridico;2239;15;2.40;2024-10-28
14;Juridico;2191;13;6.00;2024-10-28
14;Juridico;2191;14;1.80;2024-10-28
14;Juridico;2191;15;6.00;2024-10-28
14;Juridico;2208;13;6.00;2024-10-28
14;Juridico;2208;14;4.50;2024-10-28
14;Juridico;2208;15;2.40;2024-10-28
14;Juridico;2256;13;4.50;2024-10-28
14;Juridico;2256;14;3.60;2024-10-28
14;Juridico;2256;15;2.40;2024-10-28
14;Juridico;2364;13;3.00;2024-11-01
14;Juridico;2364;14;0.90;2024-11-01
14;Juridico;2364;15;6.00;2024-11-01
14;Juridico;2349;13;7.50;2024-11-02
14;Juridico;2349;14;1.80;2024-11-02
14;Juridico;2349;15;4.80;2024-11-02
14;Juridico;2299;13;3.00;2024-11-03
14;Juridico;2299;14;1.80;2024-11-03
14;Juridico;2299;15;6.00;2024-11-03
14;Juridico;2338;13;1.50;2024-11-03
14;Juridico;2338;14;4.50;2024-11-03
14;Juridico;2338;15;1.20;2024-11-03
14;Juridico;2316;13;7.50;2024-11-04
14;Juridico;2316;14;2.70;2024-11-04
14;Juridico;2316;15;4.80;2024-11-04
14;Juridico;2311;13;4.50;2024-11-05
14;Juridico;2311;14;0.90;2024-11-05
14;Juridico;2311;15;4.80;2024-11-05
14;Juridico;2321;13;3.00;2024-11-06
14;Juridico;2321;14;2.70;2024-11-06
14;Juridico;2321;15;6.00;2024-11-06
14;Juridico;2323;13;1.50;2024-11-06
14;Juridico;2323;14;4.50;2024-11-06
14;Juridico;2323;15;3.60;2024-11-06
14;Juridico;2326;13;3.00;2024-11-07
14;Juridico;2326;14;0.90;2024-11-07
14;Juridico;2326;15;3.60;2024-11-07
14;Juridico;2281;13;7.50;2024-11-07
14;Juridico;2281;14;4.50;2024-11-07
14;Juridico;2281;15;2.40;2024-11-07
14;Juridico;2307;13;3.00;2024-11-08
14;Juridico;2307;14;3.60;2024-11-08
14;Juridico;2307;15;4.80;2024-11-08
14;Juridico;2672;13;7.50;2024-11-09
14;Juridico;2672;14;0.90;2024-11-09
14;Juridico;2672;15;6.00;2024-11-09
14;Juridico;2369;13;3.00;2024-11-10
14;Juridico;2369;14;3.60;2024-11-10
14;Juridico;2369;15;3.60;2024-11-10
14;Juridico;2353;13;4.50;2024-11-11
14;Juridico;2353;14;1.80;2024-11-11
14;Juridico;2353;15;4.80;2024-11-11
14;Juridico;2287;13;4.50;2024-11-12
14;Juridico;2287;14;0.90;2024-11-12
14;Juridico;2287;15;4.80;2024-11-12
14;Juridico;2365;13;7.50;2024-11-12
14;Juridico;2365;14;0.90;2024-11-12
14;Juridico;2365;15;1.20;2024-11-12
14;Juridico;2277;13;7.50;2024-11-13
14;Juridico;2277;14;2.70;2024-11-13
14;Juridico;2277;15;1.20;2024-11-13
14;Juridico;2665;13;3.00;2024-11-14
14;Juridico;2665;14;0.90;2024-11-14
14;Juridico;2665;15;6.00;2024-11-14
14;Juridico;2273;13;6.00;2024-11-15
14;Juridico;2273;14;1.80;2024-11-15
14;Juridico;2273;15;1.20;2024-11-15
14;Juridico;2337;13;1.50;2024-11-15
14;Juridico;2337;14;2.70;2024-11-15
14;Juridico;2337;15;6.00;2024-11-15
14;Juridico;2352;13;3.00;2024-11-15
14;Juridico;2352;14;0.90;2024-11-15
14;Juridico;2352;15;3.60;2024-11-15
14;Juridico;2668;13;6.00;2024-11-16
14;Juridico;2668;14;0.90;2024-11-16
14;Juridico;2668;15;6.00;2024-11-16
14;Juridico;2366;13;4.50;2024-11-17
14;Juridico;2366;14;1.80;2024-11-17
14;Juridico;2366;15;1.20;2024-11-17
14;Juridico;2332;13;6.00;2024-11-17
14;Juridico;2332;14;0.90;2024-11-17
14;Juridico;2332;15;3.60;2024-11-17
14;Juridico;2317;13;6.00;2024-11-17
14;Juridico;2317;14;4.50;2024-11-17
14;Juridico;2317;15;3.60;2024-11-17
14;Juridico;2330;13;4.50;2024-11-18
14;Juridico;2330;14;0.90;2024-11-18
14;Juridico;2330;15;6.00;2024-11-18
14;Juridico;2360;13;6.00;2024-11-18
14;Juridico;2360;14;4.50;2024-11-18
14;Juridico;2360;15;4.80;2024-11-18
14;Juridico;2345;13;3.00;2024-11-19
14;Juridico;2345;14;0.90;2024-11-19
14;Juridico;2345;15;2.40;2024-11-19
14;Juridico;2670;13;1.50;2024-11-20
14;Juridico;2670;14;0.90;2024-11-20
14;Juridico;2670;15;1.20;2024-11-20
14;Juridico;2347;13;6.00;2024-11-21
14;Juridico;2347;14;3.60;2024-11-21
14;Juridico;2347;15;4.80;2024-11-21
14;Juridico;2315;13;7.50;2024-11-21
14;Juridico;2315;14;0.90;2024-11-21
14;Juridico;2315;15;6.00;2024-11-21
14;Juridico;2319;13;1.50;2024-11-23
14;Juridico;2319;14;2.70;2024-11-23
14;Juridico;2319;15;3.60;2024-11-23
14;Juridico;2272;13;6.00;2024-11-24
14;Juridico;2272;14;0.90;2024-11-24
14;Juridico;2272;15;3.60;2024-11-24
14;Juridico;2305;13;1.50;2024-11-25
14;Juridico;2305;14;4.50;2024-11-25
14;Juridico;2305;15;1.20;2024-11-25
14;Juridico;2335;13;4.50;2024-11-25
14;Juridico;2335;14;4.50;2024-11-25
14;Juridico;2335;15;6.00;2024-11-25
14;Juridico;2354;13;3.00;2024-11-26
14;Juridico;2354;14;0.90;2024-11-26
14;Juridico;2354;15;2.40;2024-11-26
14;Juridico;2358;13;1.50;2024-11-27
14;Juridico;2358;14;1.80;2024-11-27
14;Juridico;2358;15;3.60;2024-11-27
14;Juridico;2340;13;3.00;2024-11-28
14;Juridico;2340;14;1.80;2024-11-28
14;Juridico;2340;15;6.00;2024-11-28
14;Juridico;2296;13;7.50;2024-11-28
14;Juridico;2296;14;0.90;2024-11-28
14;Juridico;2296;15;6.00;2024-11-28
14;Juridico;2389;13;4.50;2024-12-01
14;Juridico;2389;14;3.60;2024-12-01
14;Juridico;2389;15;2.40;2024-12-01
14;Juridico;2465;13;7.50;2024-12-01
14;Juridico;2465;14;0.90;2024-12-01
14;Juridico;2465;15;4.80;2024-12-01
14;Juridico;2442;13;7.50;2024-12-02
14;Juridico;2442;14;4.50;2024-12-02
14;Juridico;2442;15;2.40;2024-12-02
14;Juridico;2370;13;3.00;2024-12-03
14;Juridico;2370;14;4.50;2024-12-03
14;Juridico;2370;15;6.00;2024-12-03
14;Juridico;2686;13;6.00;2024-12-04
14;Juridico;2686;14;4.50;2024-12-04
14;Juridico;2686;15;4.80;2024-12-04
14;Juridico;2411;13;4.50;2024-12-06
14;Juridico;2411;14;2.70;2024-12-06
14;Juridico;2411;15;4.80;2024-12-06
14;Juridico;2417;13;4.50;2024-12-06
14;Juridico;2417;14;4.50;2024-12-06
14;Juridico;2417;15;1.20;2024-12-06
14;Juridico;2423;13;4.50;2024-12-06
14;Juridico;2423;14;0.90;2024-12-06
14;Juridico;2423;15;3.60;2024-12-06
14;Juridico;2690;13;4.50;2024-12-07
14;Juridico;2690;14;4.50;2024-12-07
14;Juridico;2690;15;6.00;2024-12-07
14;Juridico;2403;13;6.00;2024-12-08
14;Juridico;2403;14;4.50;2024-12-08
14;Juridico;2403;15;4.80;2024-12-08
14;Juridico;2406;13;3.00;2024-12-08
14;Juridico;2406;14;3.60;2024-12-08
14;Juridico;2406;15;6.00;2024-12-08
14;Juridico;2379;13;1.50;2024-12-09
14;Juridico;2379;14;1.80;2024-12-09
14;Juridico;2379;15;4.80;2024-12-09
14;Juridico;2383;13;4.50;2024-12-10
14;Juridico;2383;14;3.60;2024-12-10
14;Juridico;2383;15;6.00;2024-12-10
14;Juridico;2415;13;1.50;2024-12-10
14;Juridico;2415;14;0.90;2024-12-10
14;Juridico;2415;15;4.80;2024-12-10
14;Juridico;2388;13;6.00;2024-12-10
14;Juridico;2388;14;1.80;2024-12-10
14;Juridico;2388;15;6.00;2024-12-10
14;Juridico;2426;13;7.50;2024-12-11
14;Juridico;2426;14;2.70;2024-12-11
14;Juridico;2426;15;6.00;2024-12-11
14;Juridico;2386;13;3.00;2024-12-12
14;Juridico;2386;14;4.50;2024-12-12
14;Juridico;2386;15;6.00;2024-12-12
14;Juridico;2451;13;1.50;2024-12-12
14;Juridico;2451;14;2.70;2024-12-12
14;Juridico;2451;15;6.00;2024-12-12
14;Juridico;2683;13;3.00;2024-12-13
14;Juridico;2683;14;2.70;2024-12-13
14;Juridico;2683;15;2.40;2024-12-13
14;Juridico;2448;13;1.50;2024-12-14
14;Juridico;2448;14;1.80;2024-12-14
14;Juridico;2448;15;4.80;2024-12-14
14;Juridico;2461;13;6.00;2024-12-14
14;Juridico;2461;14;0.90;2024-12-14
14;Juridico;2461;15;6.00;2024-12-14
14;Juridico;2416;13;6.00;2024-12-14
14;Juridico;2416;14;0.90;2024-12-14
14;Juridico;2416;15;6.00;2024-12-14
14;Juridico;2398;13;4.50;2024-12-14
14;Juridico;2398;14;0.90;2024-12-14
14;Juridico;2398;15;6.00;2024-12-14
14;Juridico;2402;13;4.50;2024-12-14
14;Juridico;2402;14;1.80;2024-12-14
14;Juridico;2402;15;1.20;2024-12-14
14;Juridico;2682;13;7.50;2024-12-15
14;Juridico;2682;14;0.90;2024-12-15
14;Juridico;2682;15;1.20;2024-12-15
14;Juridico;2691;13;6.00;2024-12-16
14;Juridico;2691;14;1.80;2024-12-16
14;Juridico;2691;15;1.20;2024-12-16
14;Juridico;2435;13;4.50;2024-12-17
14;Juridico;2435;14;1.80;2024-12-17
14;Juridico;2435;15;1.20;2024-12-17
14;Juridico;2414;13;4.50;2024-12-18
14;Juridico;2414;14;2.70;2024-12-18
14;Juridico;2414;15;6.00;2024-12-18
14;Juridico;2375;13;3.00;2024-12-18
14;Juridico;2375;14;2.70;2024-12-18
14;Juridico;2375;15;1.20;2024-12-18
14;Juridico;2685;13;4.50;2024-12-19
14;Juridico;2685;14;0.90;2024-12-19
14;Juridico;2685;15;6.00;2024-12-19
14;Juridico;2430;13;7.50;2024-12-20
14;Juridico;2430;14;4.50;2024-12-20
14;Juridico;2430;15;4.80;2024-12-20
14;Juridico;2693;13;4.50;2024-12-21
14;Juridico;2693;14;2.70;2024-12-21
14;Juridico;2693;15;1.20;2024-12-21
14;Juridico;2428;13;1.50;2024-12-22
14;Juridico;2428;14;4.50;2024-12-22
14;Juridico;2428;15;6.00;2024-12-22
14;Juridico;2432;13;6.00;2024-12-23
14;Juridico;2432;14;0.90;2024-12-23
14;Juridico;2432;15;3.60;2024-12-23
14;Juridico;2395;13;7.50;2024-12-23
14;Juridico;2395;14;4.50;2024-12-23
14;Juridico;2395;15;1.20;2024-12-23
14;Juridico;2439;13;1.50;2024-12-24
14;Juridico;2439;14;2.70;2024-12-24
14;Juridico;2439;15;3.60;2024-12-24
14;Juridico;2450;13;6.00;2024-12-25
14;Juridico;2450;14;1.80;2024-12-25
14;Juridico;2450;15;4.80;2024-12-25
14;Juridico;2381;13;1.50;2024-12-26
14;Juridico;2381;14;0.90;2024-12-26
14;Juridico;2381;15;6.00;2024-12-26
14;Juridico;2377;13;6.00;2024-12-27
14;Juridico;2377;14;0.90;2024-12-27
14;Juridico;2377;15;4.80;2024-12-27
14;Juridico;2456;13;4.50;2024-12-27
14;Juridico;2456;14;2.70;2024-12-27
14;Juridico;2456;15;2.40;2024-12-27
14;Juridico;2454;13;7.50;2024-12-28
14;Juridico;2454;14;1.80;2024-12-28
14;Juridico;2454;15;6.00;2024-12-28
14;Juridico;2380;13;3.00;2024-12-28
14;Juridico;2380;14;1.80;2024-12-28
14;Juridico;2380;15;4.80;2024-12-28
14;Juridico;7;1;45.00;2025-06-24
14;Juridico;8;1;45.00;2025-06-24
14;Juridico;8;1;55.00;2025-06-24
14;Juridico;3;1;315.00;2025-06-24
14;Juridico;3;1;550.00;2025-06-24
15;Natural;31;1;17155.00;2025-06-26
15;Natural;32;1;17155.00;2025-06-26
15;Natural;33;1;17155.00;2025-06-26
15;Natural;34;1;16732.00;2025-06-26
15;Natural;35;1;16732.00;2025-06-26
15;Natural;35;1;495.00;2025-06-26
15;Natural;36;1;21432.00;2025-06-26
15;Natural;36;1;495.00;2025-06-26
15;Natural;37;1;3102.00;2025-06-26
15;Natural;37;1;495.00;2025-06-26
15;Natural;38;1;2820.00;2025-06-26
15;Natural;38;1;495.00;2025-06-26
15;Natural;39;1;2820.00;2025-06-26
15;Natural;39;1;495.00;2025-06-26
15;Natural;40;1;3572.00;2025-06-26
15;Natural;40;1;495.00;2025-06-26
15;Natural;41;1;3290.00;2025-06-26
15;Natural;41;1;495.00;2025-06-26
15;Natural;45;1;470.00;2025-07-01
15;Natural;45;1;275.00;2025-07-01
